{"cameraMode":{"drawMode":0,"name":"Shaded","section":"Shading Mode"},"sceneLighting":false,"audioPlay":false,"sceneViewState":{"m_AlwaysRefresh":true,"showFog":true,"showSkybox":false,"showFlares":true,"showImageEffects":false,"showParticleSystems":true,"showVisualEffectGraphs":true,"m_FxEnabled":true},"in2DMode":false,"pivot":{"x":1.0781739950180054,"y":-0.14514893293380738,"z":3.8390560150146486},"rotation":{"x":-0.03507821261882782,"y":-0.029366666451096536,"z":0.0010297605767846108,"w":-0.998956561088562},"size":2.0214037895202638,"orthographic":false}