{"cameraMode":{"drawMode":0,"name":"Shaded","section":"Shading Mode"},"sceneLighting":false,"audioPlay":false,"sceneViewState":{"m_AlwaysRefresh":true,"showFog":true,"showSkybox":false,"showFlares":true,"showImageEffects":false,"showParticleSystems":true,"showVisualEffectGraphs":true,"m_FxEnabled":true},"in2DMode":false,"pivot":{"x":5.80764102935791,"y":2.1393158435821535,"z":3.7946407794952394},"rotation":{"x":-0.031313199549913409,"y":-0.9429320096969605,"z":0.3186069130897522,"w":-0.09382612258195877},"size":0.6756174564361572,"orthographic":false}