{"cameraMode":{"drawMode":0,"name":"Shaded","section":"Shading Mode"},"sceneLighting":false,"audioPlay":false,"sceneViewState":{"m_AlwaysRefresh":true,"showFog":true,"showSkybox":false,"showFlares":true,"showImageEffects":false,"showParticleSystems":true,"showVisualEffectGraphs":true,"m_FxEnabled":true},"in2DMode":false,"pivot":{"x":1.2354134321212769,"y":1.2345019578933716,"z":-3.7122888565063478},"rotation":{"x":0.002009569900110364,"y":-0.9951210021972656,"z":-0.020599685609340669,"w":-0.09676407277584076},"size":2.796966791152954,"orthographic":false}