{"cameraMode":{"drawMode":0,"name":"Shaded","section":"Shading Mode"},"sceneLighting":true,"audioPlay":false,"sceneViewState":{"m_AlwaysRefresh":true,"showFog":true,"showSkybox":false,"showFlares":true,"showImageEffects":false,"showParticleSystems":true,"showVisualEffectGraphs":true,"m_FxEnabled":true},"in2DMode":false,"pivot":{"x":27.516536712646486,"y":-11.371273040771485,"z":-7.484148025512695},"rotation":{"x":0.13631589710712434,"y":-0.8555698990821838,"z":0.28521397709846499,"w":0.4101867377758026},"size":11.929327011108399,"orthographic":false}