{"cameraMode":{"drawMode":0,"name":"Shaded","section":"Shading Mode"},"sceneLighting":false,"audioPlay":false,"sceneViewState":{"m_AlwaysRefresh":true,"showFog":true,"showSkybox":false,"showFlares":true,"showImageEffects":false,"showParticleSystems":true,"showVisualEffectGraphs":true,"m_FxEnabled":true},"in2DMode":false,"pivot":{"x":-0.11654126644134522,"y":1.584015965461731,"z":-0.14546728134155274},"rotation":{"x":-0.02277420461177826,"y":0.9772410988807678,"z":-0.15430907905101777,"w":-0.14470823109149934},"size":1.4403212070465088,"orthographic":false}