{"cameraMode":{"drawMode":0,"name":"Shaded","section":"Shading Mode"},"sceneLighting":false,"audioPlay":false,"sceneViewState":{"m_AlwaysRefresh":true,"showFog":true,"showSkybox":false,"showFlares":true,"showImageEffects":false,"showParticleSystems":true,"showVisualEffectGraphs":true,"m_FxEnabled":true},"in2DMode":false,"pivot":{"x":-0.031842947006225589,"y":1.24122953414917,"z":0.24082529544830323},"rotation":{"x":-0.030280273407697679,"y":-0.9433719515800476,"z":0.08907009661197663,"w":-0.31871291995048525},"size":0.9969670176506043,"orthographic":false}