{"cameraMode":{"drawMode":0,"name":"Shaded","section":"Shading Mode"},"sceneLighting":true,"audioPlay":false,"sceneViewState":{"m_AlwaysRefresh":true,"showFog":true,"showSkybox":false,"showFlares":true,"showImageEffects":false,"showParticleSystems":true,"showVisualEffectGraphs":true,"m_FxEnabled":true},"in2DMode":false,"pivot":{"x":46.291648864746097,"y":-6.890594959259033,"z":-14.585541725158692},"rotation":{"x":0.049205515533685687,"y":0.8192476034164429,"z":-0.07201485335826874,"w":0.5671547651290894},"size":23.864757537841798,"orthographic":false}